SMILES,logP
CCOC(=O)/C(C#N)=C/c1cccnc1,1.552
CCCC(=O)Nc1ccc(OC[C@@H](O)CNC(C)C)c(C(C)=O)c1,2.365
C[C@]12C=CC(=O)C=C1CC[C@@H]1[C@@H]2CC[C@@]2(C)C(=O)CC[C@H]12,3.863
CCOC(=O)Cn1cnc2c(cnn2-c2ccccc2)c1=O,1.145
CC(C)(C)OC(=O)n1cncn1,1.061
CCOc1ccc(NC(=O)C[C@H](C)O)cc1,1.795
NC(=O)[C@H](Cc1ccc(O)cc1)NC(=O)c1ccccc1,1.219
O=C(O)c1ccc2ccccc2c1Br,3.301
O=C(ON1C(=O)CCC1=O)[C@H]1CCCN1C(=O)OCc1ccccc1,1.395
COC(=O)N/N=C/c1c[n+]([O-])c2ccccc2[n+]1[O-],0.203
CCOC(=O)c1c[nH]c(=O)[nH]c1=O,0.76
O=C(CNC(=O)OCc1ccccc1)Oc1ccc([N+](=O)[O-])cc1,2.427
COc1ccnc(OC)n1,0.494
c1ccc(C2=C(c3ccccc3)SCCO2)cc1,4.276
O=C1C=C(Cl)C(=NCl)C(Cl)=C1,2.409
C[C@]12CC[C@@H]3[C@H](CC[C@@H]4C[C@H](O)CC[C@]43C)[C@@H]1CCC2=O,3.959
COc1cc(/C=N/n2cnc3c(sc(=S)n3C)c2=O)ccc1O,2.122
COc1ccc2c(c1)CC[C@H]1[C@H]2CC[C@@]2(C)C(=O)CC[C@H]12,4.12
C[C@@H]1CCc2cc(F)cc3c(=O)c(C(=O)O)cn1c23,2.346
CC(=O)c1ccc(O)c(O)c1O,1.006
[O-][n+]1ccccc1S,0.609
C[C@@H](C(=O)O)c1ccc(N2Cc3ccccc3C2=O)cc1,3.035
CSc1c2c(c(C#N)c3nc4ccccc4n13)CCCC2,3.96
COc1ccc2c(c1)c(CC(=O)O)c(C)n2Cc1ccc(Cl)cc1,4.287
CC(=O)N(C(C)=O)c1cc(C)c(C#N)c2nc3ccccc3n12,2.567
CN1[C@H](CC(=O)c2ccccc2)CCC[C@@H]1C[C@H](O)c1ccccc1,4.236
CC(=O)O[C@@H]1C=C(C)c2ccc(O)cc2O1,2.077
CC(=O)O[C@H]1C=C(C)c2ccc(O)cc2O1,2.077
CN[C@H](C)Cc1ccccc1OC,1.846
Cc1cc(-c2ccccc2)nc2oc(C(=O)NN)c(N)c12,1.989
COC(=O)N1C(=O)C=CC1=O,0.322
CCOC(=O)[C@H](N)Cc1ccc(O)c([N+](=O)[O-])c1,0.733
N#Cc1c(-c2ccccc2)c(-c2ccccc2)nn(CC(=O)NN)c1=O,1.439
O=C(Cc1ccc([N+](=O)[O-])cc1)ON1C(=O)CCC1=O,0.744
NNC(=O)CN1c2ccccc2Sc2ccccc21,2.279
CCOC(=O)CSc1nnc(-c2cccs2)n1N,1.376
C[C@H]1CCc2c(sc(NC(=O)c3ccco3)c2C#N)C1,3.59
C[C@@H]1CCc2c(sc(NC(=O)c3ccco3)c2C#N)C1,3.59
CC(C)(C)OC(=O)[C@H]1CCCN1,1.08
C[C@H]1CCc2c(sc(NC(=O)c3cccs3)c2C#N)C1,4.058
NC(=O)CSc1nnc(-c2ccco2)n1-c1ccccc1,2.105
CC(C)[C@H](N)C(=O)OC(C)(C)C,1.311
CC(C)[C@@H](N)C(=O)OC(C)(C)C,1.311
O=C(O)c1cccc(Cl)c1,2.038
CCN(CC)S(=O)(=O)c1ccccc1,1.717
O=C(O)c1ccc(Cl)cc1,2.038
Cn1c(SCc2ccc([N+](=O)[O-])cc2)nnc1-c1ccncc1,3.078
CN(C)S(=O)(=O)c1ccccc1,0.937
COC(=O)c1ccccc1,1.473
CCN(CC)C(=O)CCl,1.094
CCNC(=O)c1ccccc1,1.436
CC(=O)Nc1ccc(Cl)cc1,2.298
CN(C)C(=O)c1ccccc1,1.388
O=C(O)c1cccc([N+](=O)[O-])c1,1.293
Cc1ccc2ccc(Cl)cc2n1,3.197
Cc1nnc2c3c4c(sc3ncn12)CCCC4,2.526
O=C(O)c1cc([N+](=O)[O-])ccc1Cl,1.946
Clc1ccc(Oc2ncnc3sc4c(c23)CCCC4)cc1,5.016
Cc1cc(NC(=O)c2ccc(F)cc2)n(-c2ccccc2)n1,3.572
Cc1cc(NC(=O)Nc2cccc(Cl)c2)n(-c2ccccc2)n1,4.478
Nc1cc(O)c(N)cc1O,0.262
CCOC(=O)/C(C#N)=C/c1cn(-c2ccccc2)nc1C,2.651
CN(C)P(OCc1ccccc1)OCc1ccccc1,4.209
O=C(Cn1c2c(c(=O)n3ncnc13)CCC2)N/N=C/c1cccnc1,0.075
O=C(O)c1cc2cc(O)ccc2cc1O,1.949
COc1cc(C(C)=O)cc(OC)c1O,1.612
CN(C)[C@@H](Cc1ccccc1)C(=O)O,1.244
CN(C)[C@H](Cc1ccccc1)C(=O)O,1.244
O=C(Cn1c2c(c(=O)n3ncnc13)CCC2)N/N=C/c1cccs1,0.592
C[C@H](O)C(O)(c1ccccc1)c1ccccc1,2.303
Cc1csc(SSc2nc(C)cs2)n1,4.016
NC(=O)OCC1c2ccccc2-c2ccccc21,2.894
O=[N+]([O-])c1ccccc1Oc1ccccc1F,3.526
O=C1CCN(C(=O)OCC2c3ccccc3-c3ccccc32)CC1,3.6
COC(=O)C1=C(C)N=C2SC=C(OC(C)=O)N2[C@@H]1c1ccccc1,2.955
OCC[n+]1ccsc1,0.028
N#Cc1ccc2cccc(O)c2n1,1.812
COc1cc(OCC(=O)O)ccc1CO,0.651
COC(=O)C1=C(C)N=C2SC=C(OC(C)=O)N2[C@H]1c1ccccc1,2.955
O=C(O)CCOc1ccc(CO)cc1,1.032
O=C1CCC(c2ccc(O)cc2)CC1,2.619
O=C(O)c1cccc(=O)[nH]1,0.073
CC1(C)C[C@@H](C(N)=O)C(C)(C)N1O,0.74
CC1(C)C[C@H](C(N)=O)C(C)(C)N1O,0.74
N#Cc1c(/N=C/N2CCCCC2)nc2c(c1-c1ccccc1)CCCC2,4.645
O=C(CI)Oc1ccc([N+](=O)[O-])cc1,1.935
CN1[C@H](CC(=O)c2ccccc2)CCC[C@@H]1C[C@@H](O)c1ccccc1,4.236
Cc1cc(=O)oc2cc(S)ccc12,2.39
COC(=O)C1=CCS(=O)(=O)C1,0.486
COC(=O)c1ccc(OC)cc1C(=O)OC,1.268
COP(N(C(C)C)C(C)C)N(C(C)C)C(C)C,4.097
Cn1c2ccccc2n2c(=O)cc(-c3ccccc3)c(C#N)c12,3.33
CC(=O)Oc1cc2ccccc2cc1C(=O)Nc1ccccc1C,4.326
CC(=O)Oc1cc2ccccc2cc1C(=O)Nc1ccc(C)cc1C,4.634
NNC(=O)c1oc2nc(-c3ccccc3)cc(-c3ccccc3)c2c1N,3.348
CC(=O)Oc1cc(C(=O)Nc2ccc(Cl)cc2)cc2ccccc12,4.671
N#Cc1sc2nc3ccccc3n2c1/N=C/c1cccs1,4.233
O=C(O)Cc1cccc([N+](=O)[O-])c1,1.222
O=[N+]([O-])c1ccc(O[C@@H]2O[C@@H](CO)[C@@H](O)[C@@H](O)[C@@H]2O)cc1,1.227
N[C@@H](Cc1ccccc1)C(=O)OCc1ccccc1,2.3
O=C1C=CC(=O)N1c1ccc(N2C(=O)C=CC2=O)cc1,0.545
O=C1NCN(c2ccccc2)C12CCNCC2,0.702
CCOC(=O)Cc1ccccn1,1.187
CCOC(=O)Cc1cccnc1,1.187
C1CCN2C[C@H]3C[C@H](CN4CCCC[C@H]34)[C@@H]2C1,2.345
NNC(=O)c1cnn(-c2ccccc2)c1N,0.058
C1CN=C2NCCCN2C1,0.041
COc1cccc(N2CCc3c(C)nc4ccc(Cl)cc4c32)c1,4.899
CCCC(=O)c1cc(O)c(O)cc1O,1.786
CCC1=NC(C)(C)CO1,1.604
C=CC1=NC(C)(C)C[C@H](C)O1,2.158
C=CC1=NC(C)(C)C[C@@H](C)O1,2.158
O=C(CN1C(=O)c2ccccc2S1(=O)=O)c1ccc2c(c1)OCO2,1.443
O=C1c2ccccc2S(=O)(=O)N1Cc1nc2ccccc2s1,2.641
O=C(O)C1CCNCC1,0.071
COC(=O)c1cc(O)cc(O)c1,0.884
Cc1ccc(F)cc1C#N,2.006
O=C1c2ccccc2S(=O)(=O)N1Cc1ccc2nsnc2c1,2.036
CC(C)=NO[C@@H](C)C(=O)O,0.872
O=C1c2ccccc2S(=O)(=O)N1Cc1ccc2nonc2c1,1.567
CSc1cnccn1,1.198
COC(=O)Cc1ccsc1,1.464
N#Cc1ccc([N+](=O)[O-])o1,1.059
Cc1cc(CN2C(=O)c3ccccc3S2(=O)=O)no1,1.328
COC(=O)c1cccn1C,0.812
O=C(O)[C@@H](O)c1ccc(F)cc1F,1.083
O=C(O)[C@H](O)c1ccc(F)cc1F,1.083
N#Cc1c(F)cccc1Oc1ccccc1,3.49
Cc1ccc(C(=O)CN2C(=O)c3ccccc3S2(=O)=O)cc1,2.022
c1cnc2c(n1)CCCC2,1.355
Cc1ccc2c(c1)oc[n+]2[O-],1.375
COc1ccc(C(=O)CN2C(=O)c3ccccc3S2(=O)=O)cc1,1.723
N#Cc1cc(F)cc(F)c1,1.836
N#Cc1ccc(F)c(F)c1,1.836
Cc1ccc([N+](=O)[O-])cc1C(=O)O,1.601
NC(=O)c1ncccc1O,0.114
O=C1c2ccccc2S(=O)(=O)N1CC1CC1,1.241
N#CCc1ccccc1C(F)(F)F,2.771
COC(=O)c1ccc(C)nc1,1.177
O=C(O)Cc1cccc(Oc2ccccc2)c1,3.106
O=C(NC(=O)c1ccccc1Cl)c1ccccc1O,2.616
O=C(NC(=O)C1CCCCC1)c1ccccc1O,2.229
N#CCc1ccccc1I,2.357
Cc1ccc(C(=O)NC(=O)c2ccccc2O)cc1,2.271
O/N=C/c1ccsc1,1.556
O=C(O)COc1ccccc1C(=O)O,0.848
COc1ccccc1CC(=O)NC(=O)c1ccccc1O,1.9
O=C(O)/C=C/c1ccoc1,1.377
NCc1ccc(Cl)cc1F,1.938
O=C(NC(=O)c1sc2ccccc2c1Cl)c1ccccc1O,3.831
O=C(O)[C@H]1CCCCN1,0.213
O=C(O)[C@@H]1CCCCN1,0.213
CCC(=O)SCc1ccco1,2.449
N#Cc1ccc2[nH]ccc2c1,2.04
Cc1ccc(Oc2ncccc2C(=O)NC(=O)c2ccccc2O)cc1,3.458
[O-][n+]1cccc2ccccc21,1.473
COc1cc(CC#N)cc(OC)c1OC,1.778
O=C(O)c1ccc(C(O)(C(F)(F)F)C(F)(F)F)cc1,2.697
N#CCc1c(Cl)ccc(Cl)c1Cl,3.713
CCCc1ccc(C(=O)NC(=O)c2ccccc2O)cc1,2.915
CCOC(=O)c1cc(C(C)=O)ccc1OCC,2.465
C1CCN2C[C@H]3C[C@H](CN4CCCC[C@H]34)[C@H]2C1,2.345
CCc1ccc(C(=O)NC(=O)c2ccccc2O)cc1,2.525
COC(=O)c1ccc(Br)c(C)c1,2.544
O=C(Nc1ccc(OC(F)F)cc1)Nc1coc(-c2ccccc2)c1,5.192
N#Cc1ccc(Cl)c(C(F)(F)F)c1,3.23
Clc1ccc(Cc2ccncc2)cc1,3.326
Cc1ccc(S(=O)(=O)Nc2ccc(OC(F)F)cc2)cc1,3.397
C=C1O[C@@H](C(=O)OCC)[C@H](C(=O)OCC)O1,0.368
C1CSC(CCC2SCCCS2)SC1,4.159
CC(C)(C)[C@H](NC=O)C(=O)O,0.232
O=S(=O)(Nc1ccc(OC(F)F)cc1)c1cccc2nonc12,2.625
COc1ccc(O)c(C(=O)O)c1,1.099
CCN(CC)C(=C(F)C(F)(F)F)N(CC)CC,3.371
C=C(C)C(=O)Oc1ccc(C(=O)c2ccccc2)c(O)c1,3.105
Cn1cnc(S(=O)(=O)Nc2ccc(OC(F)F)cc2)c1,1.822
O=CN1CCc2ccccc21,1.206
Fc1cccc(SSc2cccc(F)c2)c1,4.764
Ic1cccc(OCc2ccccc2)c1,3.87
NS(=O)(=O)c1ccccc1Br,1.097
COc1ccc(CC#N)cc1,1.761
CCOC(=O)c1cc(OC)c(OC)cc1[N+](=O)[O-],1.789
O=S(=O)(Nc1ccc(OC(F)F)cc1)c1ccc(F)cc1,3.228
N#Cc1ccccc1C(F)(F)F,2.577
O=C(O)c1ccc([N+](=O)[O-])cc1C(=O)O,0.991
O=C(O)Cc1cccc(CC(=O)O)c1,0.941
Cc1ccc(S(=O)(=O)Nc2cccc3nnc(C)cc23)cc1,3.047
COc1ccc(OC)c(C#N)c1,1.575
Cc1c[nH]c(=O)[nH]c1=O,0.628
CCOC(=O)/C=C/c1ccc(N)cc1,1.845
O=C(O)Cc1ccncc1,0.709
Cc1cc2c(NS(=O)(=O)c3cn(C)cn3)cccc2nn1,1.473
COc1ccc(CC(=O)O)cc1,1.322
O=C(O)Cc1cccs1,1.375
CCOC(=O)[C@H](O)c1ccc(O)cc1,0.989
CCOC(=O)[C@@H](O)c1ccc(O)cc1,0.989
Cc1cc2c(NS(=O)(=O)c3ccc(F)cc3)cccc2nn1,2.878
COc1cc(O)c(C(C)=O)c(OC)c1,1.612
O=C(CN1C(=O)CCC1=O)c1ccc(OC(F)F)cc1,1.62
O=C(CN1C(=O)CCC1=O)c1ccc(F)cc1,1.157
C[N+]1([O-])CCOCC1,0.039
Clc1ccc2[nH]ccc2c1,2.821
O=C(CN1C(=O)c2ccccc2C1=O)c1ccc(OC(F)F)cc1,2.767
CCCc1ccc(-c2ccc(C(=O)O)cc2)cc1,4.004
NC(=O)Cc1ccc(O)cc1,0.42
O=C(CN1C(=O)c2ccccc2C1=O)c1ccc(F)cc1,2.305
N#Cc1c(Cl)ccc([N+](=O)[O-])c1Cl,2.773
NC(=O)c1ccc(O)cc1,0.491
N#Cc1ccc(-c2cn3c(n2)SCC3)cc1,2.527
CCOC(=O)c1ccc(Cl)s1,2.578
N#Cc1ccc(O)c(O)c1,0.969
Cc1cccc([N+](=O)[O-])c1C(=O)O,1.601
CC(C)S(=O)(=O)CC#N,0.333
CCOc1cccnc1[N+](=O)[O-],1.388
O=C1Nc2ccccc2[C@H]1Cc1ccccn1,2.36
N[C@@H](C(=O)O)c1ccc(O)cc1,0.477
C[C@](O)(C(=O)c1ccccc1)c1ccccc1,2.777
C[C@@](O)(C(=O)c1ccccc1)c1ccccc1,2.777
CCOC(=O)Cc1ccncc1,1.187
O=C1Nc2ccccc2[C@@H]1Cc1ccccc1,2.965
O=C(O)c1ncccc1O,0.485
N#Cc1ccncc1C#N,0.825
O=C1Nc2ccccc2[C@H]1[C@@H](C[N+](=O)[O-])c1ccccn1,2.178
N#CCc1ccsc1,1.814
NC(=O)NNc1ccc(F)cc1,0.821
COC(=O)c1cc(C(=O)O)cc([N+](=O)[O-])c1,1.08
N#Cc1ccc(C(=O)c2ccccc2)cc1,2.789
COC(=O)Cc1ccc(C(C)(C)C)cc1,2.7
Cc1ccc(OC(=S)Oc2ccc(C)cc2)cc1,4.046
NC(=O)c1ccccc1C(N)=O,0.116
O=C1Nc2ccccc2[C@H]1[C@H](C[N+](=O)[O-])c1ccccn1,2.178
CSc1ccc(C#N)cc1,2.28
CCC(=O)c1ccccc1C(F)(F)F,3.298
COc1ccc(Cl)cc1C#N,2.22
N#CCc1cccc(F)c1F,2.031
CC(=O)Cc1ccccc1Cl,2.472
Clc1ccccc1-n1ccnc1,2.526
CC(=O)c1ccc(F)c(Cl)c1,2.682
CN1CCCN(C)C1=O,0.374
O=C1Nc2ccccc2[C@@H]1[C@H](C[N+](=O)[O-])c1ccccc1,2.783
CC(=O)OCc1ccccc1,1.75
O=C1Nc2ccccc2[C@@H]1[C@@H](C[N+](=O)[O-])c1ccccc1,2.783
O=C(O)c1ccc(-c2cc(Cl)cc(Cl)c2)o1,3.952
O=C(O)c1ccc(-c2ccccc2F)o1,2.784
Cc1c(Cl)cccc1-c1ccc(C(=O)O)o1,3.607
c1ccc(-c2csc(-c3ccc(-c4csnn4)cc3)n2)cc1,4.996
COc1cc(N)ccc1-c1cc2ccccc2oc1=O,3.051
Cc1cc(-c2nc3cc(N)ccc3o2)ccc1Br,4.148
N#CCc1ccc(Cl)cc1,2.406
O=[N+]([O-])c1ccc2ccc3cccc4ccc1c2c34,4.492
Cc1sc(-c2ccc(-c3csnn3)cc2)nc1-c1ccccc1,5.304
CCOc1ccc(C=O)cc1,1.898
COc1ccc(C=O)cc1,1.508
CCN(CC)c1ccc(C=O)cc1,2.345
COC(=O)CNC(=O)C1CCC(c2ccc(Cl)cc2)CC1,2.903
COc1ccc(C=O)c(OC)c1,1.516
O=C(NCc1cccnc1)C1CCC(c2ccc(Cl)cc2)CC1,4.325
Cc1ccsc1C=O,1.869
O=Cc1ccc(F)cc1,1.638
O=Cc1cccc(F)c1,1.638
COc1cccc(C=O)c1OC,1.516
O=C(NCc1ccncc1)C1CCC(c2ccc(Cl)cc2)CC1,4.325
O=Cc1ccccc1F,1.638
O=Cc1c(O)ccc2ccccc12,2.358
O=Cc1ccncc1,0.894
O=Cc1ccccc1Br,2.262
NC(=O)c1cccc(N)c1,0.368
Nc1cc(Cl)c(O)c(Cl)c1,2.281
O=C(NCc1ccccn1)C1CCC(c2ccc(Cl)cc2)CC1,4.325
N#Cc1ccc(N)c(Cl)c1,1.794
NC(=O)c1ccc(N)cc1,0.368
Nc1cc(C(=O)O)ccc1O,0.673
Nc1cccc(C(F)(F)F)c1F,2.427
COc1ccc(C(=O)Nc2ccccc2)cc1N,2.53
CC(C)(C)C(=O)OCc1nc(-c2ccc3c(c2)OCO3)cs1,3.628
NN1C(=O)c2ccccc2C1=O,0.156
Cn1nc(C(C)(C)C)cc1N,1.3
COc1ccc(C(=O)O)cc1N,0.976
CC(C)(C)C(=O)OCc1nc(-c2ccc(O)c(O)c2)cs1,3.311
Nc1ccc(C(F)(F)F)c(F)c1F,2.566
COc1ccc(N2C(=O)CSCC2=O)cc1OC,1.31
NC(=O)OCc1ccccc1,1.282
O=C1CCC(=O)N1C(=O)OCc1ccccc1,1.472
O=C(O)c1ccccc1C(=O)NC[C@H]1COc2ccccc2O1,1.955
Oc1cccnc1Br,1.55
CCc1cc(Br)ccc1N,2.594
O=C(O)c1ccccc1C(=O)c1ccccc1,2.616
O=C(O)c1ccccc1C(=O)NC[C@@H]1COc2ccccc2O1,1.955
N#Cc1ccc(F)c(Br)c1,2.46
O[C@H](CNC[C@H]1COc2ccccc2O1)c1ccccc1,2.15
ON=C(c1ccccc1)c1ccccc1,2.913
O=Cc1cc(Br)ccc1F,2.401
O=Cc1ccc(F)c(Br)c1,2.401
O[C@@H](CNC[C@H]1COc2ccccc2O1)c1ccccc1,2.15
Brc1cncc2ccccc12,2.997
O[C@H](CNC[C@@H]1COc2ccccc2O1)c1ccccc1,2.15
CCC(=O)c1cccc(Br)c1,3.042
CC(C)(C)c1ccc(OCC(=O)O)cc1,2.447
O[C@@H](CNC[C@@H]1COc2ccccc2O1)c1ccccc1,2.15
N#CCc1ccccc1Br,2.515
CCCC(=O)Nc1ccc(O)c(C(C)=O)c1,2.333
COc1ccc(OC(=O)Oc2ccc(OC)cc2)cc1,3.282
CC(=O)Cc1ccc(Br)cc1,2.581
NCc1ccc(F)c(Br)c1,2.047
N#Cc1ccc(O)c(Br)c1,2.026
NC(=O)c1cc(O)c(Br)c(O)c1,0.959
O=C(O)CC1(CC(=O)N2CCN(c3ncccn3)CC2)CCCC1,1.55
Nc1ccc(C(F)(F)F)cc1C(F)(F)F,3.306
CC(=O)Nc1cc(Br)ccc1OC(F)(F)F,3.306
COc1ccc2cc(C=O)ccc2c1,2.661
O=Cc1c[nH]c2ccc(F)cc12,2.119
O=C(O)CCCC(=O)N1CCN(c2ncccn2)CC1,0.38
Cc1ccc(F)c(C=O)c1Cl,2.6
O=Cc1c(F)ccc(F)c1Cl,2.431
O=Cc1cccc(Cl)c1F,2.292
O=C(O)CCC(=O)N1CCN(c2ncccn2)CC1,0.01
O=Cc1cc(C(F)(F)F)cc(Cl)c1F,3.31
O=Cc1c(C(F)(F)F)ccc(Cl)c1F,3.31
O=C(O)c1ccccc1C(=O)N1CCN(c2ncccn2)CC1,1.137
O=Cc1c(F)ccc(Cl)c1F,2.431
O=C(O)CSCC(=O)N1CCN(c2ncccn2)CC1,0.057
Cc1cc(C=O)ccc1F,1.947
Cc1onc(-c2ccccc2)c1C(=O)N1CCCc2ccccc21,4.243
FC(F)(F)c1cc(Cl)c2ccccc2n1,3.907
Cc1nc(-c2ccccc2)sc1C(=O)N1CCCc2ccccc21,4.712
N#CCc1c(F)cccc1Cl,2.545
Cc1nn(-c2ccccc2)nc1C(=O)N1CCCc2ccccc21,3.169
N#Cc1ccc(Cl)cc1,2.212
Cc1nc(CCl)cs1,2.19
COC(=O)c1c(C)oc(C)c1S(=O)(=O)N1CCCc2ccccc21,2.825
O=C1CCCCCCCN1,1.457
Nc1c(Cl)cc(Br)cc1Br,3.447
Nc1c(Br)cc(Cl)cc1Br,3.447
Cc1cc2c(F)ccc(C)c2nc1Cl,3.644
O=S(=O)(c1cccc2nsnc12)N1CCCc2ccccc21,2.833
O[C@H](CNC1CCCCC1)c1ccccc1,2.642
O[C@@H](CNC1CCCCC1)c1ccccc1,2.642
O=C1Cc2ccc(Cl)cc2N1,1.835
O=S(=O)(c1ccc2c(c1)CCO2)N1CCCc2ccccc21,2.763
Oc1cc(C(F)(F)F)nc2c(Cl)cccc12,3.613
COc1ccc(C#N)c(Cl)c1OC,2.229
N#Cc1ccccc1Cl,2.212
O=C(c1ccc2nccnc2c1)N1CCCc2ccccc21,3.223
O=C(O)C12C[C@@H]3C[C@@H](CC(Cl)(C3)C1)C2,2.649
O=[N+]([O-])c1ccc(Sc2ccc(Cl)cc2)cc1,4.399
O=C(c1ccc(F)cc1F)N1CCCc2ccccc21,3.558
O=C(Nc1ccc(C(F)(F)F)cc1)N1CCCc2ccccc21,4.69
COc1cc([N+](=O)[O-])c(C=O)c(Cl)c1OC,2.078
CC(C)(C)c1ccc(NC(=O)N2CCCc3ccccc32)cc1,4.969
O=C(O)CC1(CC(=O)O)CCCCC1,1.886
CCOC(=O)c1cc(Br)ccc1Cl,3.279
O=C(Nc1cc(Cl)cc(Cl)c1)N1CCCc2ccccc21,4.978
COc1cccc(NC(=O)N2CCCc3ccccc32)c1,3.68
CCOC(=O)Cc1ccc(N)cc1,1.374
O=C(Nc1ccccc1)N1CCCc2ccccc21,3.671
Cn1nc(-c2ccccc2)cc1NC(=O)C1CCCCC1,3.606
CCOC(=O)c1cccs1,1.925
CCOC(=O)CCc1cc(OC)c(OC)c(OC)c1,2.208
Cn1nc(-c2ccccc2)cc1NC(=O)CCCC(=O)O,2.28
CC(=O)c1ccc(F)cc1F,2.167
CC(C)(C)c1cc(CC#N)cc(C(C)(C)C)c1O,4.053
Cn1nc(-c2ccccc2)cc1NS(=O)(=O)c1ccc(C#N)cc1,2.76
Cc1ccc(S(=O)(=O)Nc2cc(-c3ccccc3)nn2C)cc1,3.196
CC(=O)c1ccc(F)cc1,2.028
Cn1nc(-c2ccccc2)cc1NS(=O)(=O)c1ccccc1,2.888
N#CCC(=O)c1ccco1,1.376
CCOC(=O)c1ccc(I)cc1,2.468
c1ccc(Oc2ccc(Oc3ccccc3)cc2)cc1,5.271
N#Cc1c(Cl)cccc1Cl,2.865
Cn1nc(-c2ccccc2)cc1NC(=O)Nc1ccc(C(C)(C)C)cc1,5.029
CC(=O)c1ccccc1F,2.028
NNc1cc(Cl)ccc1Cl,2.279
Cc1ccc(C)c(C(=O)O)c1,2.002
Cc1cc(C)cc(NC(=O)Nc2cc(-c3ccccc3)nn2C)c1,4.348
CCC(=O)c1ccc(F)cc1,2.418
CC(=O)c1ccc(F)c(C(F)(F)F)c1,3.047
O=C(O)c1cccc(F)c1,1.524
CN(C)CCCC(=O)O,0.413
CCOc1c2ccccc2c(OCC)c2ccccc12,4.79
Cn1nc(-c2ccccc2)cc1NC(=O)Nc1ccc(F)cc1,3.87
CC(=O)c1cccc(F)c1F,2.167
Oc1ccc(C2SCCS2)cc1,2.871
Cn1nc(-c2ccccc2)cc1NC(=O)Nc1cccs1,3.793
CCC(=O)c1ccc(Cl)c(Cl)c1,3.586
COc1ccc(C(C)=O)cc1F,2.037
Cc1c(O)cc(C(=O)O)cc1O,1.104
O=C1CCC(C(=O)Nc2ccccc2N2CCOCC2)=NN1,0.728
O=C(O)C=C1c2ccccc2-c2ccccc21,3.183
CCOC(=O)c1cnc(Cl)c([N+](=O)[O-])c1,1.82
CC(=O)c1ccc(O)cc1F,1.734
COC(=O)c1cccc(NC(=O)C2=NNC(=O)CC2)c1,0.678
Cc1noc(C)c1I,1.896
O=C1CCC(C(=O)Nc2ccc(F)cc2)=NN1,1.03
CCOC(=O)c1ccccc1[N+](=O)[O-],1.772
O=C1CCC(C(=O)Nc2cc(F)cc(F)c2)=NN1,1.169
CC(=O)CSc1ccc(F)cc1,2.507
NCc1cc(C(F)(F)F)ccc1F,2.303
NC(=O)c1sc(Nc2ccccc2)c(-c2nc3ccccc3[nH]2)c1N,3.716
COC(=O)C(C(=O)OC)=C(SC)SC,1.27
CCNc1nc(=S)[nH]c2sc3c(c12)CC[C@H](C)C3,3.91
NCc1ccc(F)cc1C(F)(F)F,2.303
FC1(F)Oc2ccccc2O1,2.008
CCNc1nc(=S)[nH]c2sc3c(c12)CC[C@@H](C)C3,3.91
CC(=O)c1ccc(F)cc1C(F)(F)F,3.047
CCOC(=O)c1c(C)noc1C,1.468
Cc1n[nH]c(C)c1I,1.631
CCOC(=O)c1nnn(Cc2ccccc2Cl)c1N,1.739
NC(=O)c1nnn(Cc2ccccc2Cl)c1N,0.661
CC(=O)c1cc(C(F)(F)F)ccc1F,3.047
Cc1cc(C)c2c(n1)sc1c(=O)n(CC(=O)c3ccccc3)cnc12,3.506
O=C(NC1CCCCC1)NC1CCCCC1,2.951
CCc1cc2cccc(OC)c2o1,3.004
CCOC(=O)c1cc2cccc(OC)c2o1,2.618
Cc1cc(C=O)c(Br)c(Br)c1O,3.038
Cc1cc(C)c(OCC(=O)O)c(Cl)c1,2.42
Cc1cc(C)c2c(n1)sc1c(=O)n(Cc3ccc(F)cc3)cnc12,3.81
CC(C)c1ccc(O)c(N)c1,2.098
Nc1ccc(N2CCCCC2)c(Cl)c1,2.913
CCOC(=O)Cn1cnc2c(sc3nc(C)cc(C)c32)c1=O,2.186
Nc1ccc(Cl)c(-c2nc3ncccc3o2)c1,3.125
CC(=O)Cn1cnc2c(sc3nc(C)cc(C)c32)c1=O,2.212
COc1cc(N)ccc1NC(=O)c1ccco1,2.123
Cc1cc(C)c2c(n1)sc1c(=O)n(C)cnc12,2.16
CC[C@@H](C)c1ccc(O)c(N)c1,2.488
CC[C@H](C)c1ccc(O)c(N)c1,2.488
Cc1cc(C)c2c(N)c(C(=O)NN)sc2n1,1.099
O=C(O)c1ccc(-c2cccc(Cl)c2Cl)o1,3.952
CCOC(=O)COc1nc(-c2ccccc2)cc(-c2ccco2)c1C#N,3.822
Cc1nc(-c2ccccc2)c(-c2ccccc2)s1,4.786
CC(=O)c1ccco1,1.482
CC(=O)c1cccs1,1.951
NC(=O)C1CCCCC1,1.052
COc1ccc(C(C)=O)cc1,1.898
N#Cc1c(-c2cccs2)cc(-c2ccccc2)[nH]c1=O,3.642
COC(=O)c1cnccn1,0.263
COc1cc(C#N)ccc1O,1.272
N#Cc1c(-c2ccco2)cc(-c2cccs2)[nH]c1=O,3.235
COC(=O)c1cnc2ccccc2c1,2.021
CNc1ccccc1C(=O)OC,1.515
N#Cc1c(-c2ccco2)cc(-c2ccco2)[nH]c1=O,2.767
Oc1ccccc1N1CCNCC1,0.802
NNc1ccc(C(=O)O)cc1,0.67
COC(=O)CCc1scnc1C,1.557
COc1ccc2nc(C)ccc2c1,2.552
CCC[C@H]1CCO[C@@H](C)S1,2.655
CCC[C@@H]1CCO[C@@H](C)S1,2.655
Cc1cc(C)c(C#N)c(SCc2ccc([N+](=O)[O-])cc2)n1,3.771
CCC[C@H]1CCO[C@H](C)S1,2.655
CCC[C@@H]1CCO[C@H](C)S1,2.655
COC(=O)CSCc1cccs1,2.154
COc1ccc(C#N)cc1C(F)(F)F,2.586
CC(=O)c1cccc(O)c1,1.595
O=C1/C(=N/c2ccccc2)c2ccccc2N1Cc1ccccc1,4.354
CC(=O)c1ccccc1C(=O)O,1.587
NC(=O)NCc1ccccc1,0.855
CCNC(=O)NCC,0.325
Cc1csc(S[C@H](C(=O)O)c2ccccc2)n1,3.37
Cc1csc(S[C@@H](C(=O)O)c2ccccc2)n1,3.37
CCNc1nc(SCC(C)=O)nc2sc3c(c12)CC[C@H](C)C3,3.929
CCNc1nc(SCC(C)=O)nc2sc3c(c12)CC[C@@H](C)C3,3.929
BrCc1ccc(CBr)cc1,3.476
O=C(O)CSc1nncc(-c2ccccc2)n1,1.715
Cc1csc(SCC(=O)O)n1,1.628
OCc1ccc2c(c1)OCO2,0.908
C[C@H]1CCc2c(sc(NC(=O)CN3CCCCC3)c2C#N)C1,3.169
O=[N+]([O-])c1cccc(CO)c1,1.087
OCc1ccc(Cl)cc1Cl,2.486
OCc1ccccc1Cl,1.832
CSc1ccc(CO)cc1,1.901
C[C@@H]1CCc2c(sc(NC(=O)CN3CCCCC3)c2C#N)C1,3.169
O=[N+]([O-])c1ccc(CO)cc1,1.087
O=[N+]([O-])c1ccccc1CO,1.087
OCc1ccc(F)cc1,1.318
OCc1ccc(Cl)c(Cl)c1,2.486
COc1cccc(CO)c1OC,1.196
OCc1cccs1,1.24
O=C(O)c1cccs1,1.446
OC[C@@H]1CCCO1,0.158
O=C(CN1CCCCC1)N1c2ccccc2Sc2ccccc21,4.302
OC[C@H]1CCCO1,0.158
O=C(O)c1ccc(-c2ccccc2)cc1,3.052
Fc1ccc(CCl)c(Cl)c1,3.218
Cc1cc(N)c2ccccc2n1,2.125
O=[N+]([O-])c1ccc(CSc2nnc(-c3ccncc3)o2)cc1,3.332
Fc1cccc(Cl)c1CCl,3.218
C[C@H](Br)C(=O)c1ccccc1,2.653
C[C@@H](Br)C(=O)c1ccccc1,2.653
Clc1cccc(Nc2ccccc2)c1,4.084
Clc1ccccc1CSc1nnc(-c2cccs2)o1,4.744
OCc1ccc(Cl)cc1,1.832
Cc1nn(-c2ccccc2)cc1/C=N/NC(=O)c1cccs1,3.006
NNC(=O)Nc1ccccc1,0.682
O=[N+]([O-])c1c2ccccc2cc2ccccc12,3.901
CCOC(=O)c1ccccc1O,1.569
C[C@H]1CCc2c(sc3[nH]c(=S)nc(NCc4ccccc4)c23)C1,5.091
C[C@@H]1CCc2c(sc3[nH]c(=S)nc(NCc4ccccc4)c23)C1,5.091
Cc1cc(C)nc(SCn2c(=S)sc3ccccc32)n1,4.589
Cc1cc(-c2ccc(Cl)cc2)[nH]c(=S)n1,3.768
COc1ccc(C(=O)c2cnc3ccccc3c2-c2ccccc2)cc1,5.141
Sc1nncc(-c2ccccc2)n1,1.827
Cc1ccc(N/C=C\C(=O)c2ccc(Cl)c(Cl)c2)cc1Cl,5.764
O=C(O)CSc1nc(-c2ccccc2)c2ccccc2n1,3.474
CCOc1ccc2[nH]c(SCC(=O)O)nc2c1,2.138
CCOc1ccc2[nH]c(S[C@H](C(=O)O)c3ccccc3)nc2c1,3.88
CCOc1ccc2[nH]c(S[C@@H](C(=O)O)c3ccccc3)nc2c1,3.88
CCc1ccc(C(=O)/C=C\Nc2ccc(Cl)cn2)cc1,4.106
Cc1ccc2nc(-c3ccc(O)cc3)sc2c1,3.977
Nc1ccc(NC(=O)c2cccs2)cc1,2.583
Nc1cc2nn(-c3ccccc3)nc2cc1Cl,2.656
FC(F)(F)c1cc(-c2ccccc2)nc(S)n1,3.451
Cc1ccc(-n2nnnc2-c2c[nH]c3ccc(C)cc23)cc1,3.427
COc1ccc(-n2nnnc2-c2c[nH]c3ccc(C)cc23)cc1,3.128
COC(=O)c1ccccc1N,1.055
Nc1ccccc1O,0.974
Nc1cccc(O)c1,0.974
O=C(Nc1ccc2c(c1)OCCO2)c1ccc2c(c1)OCO2,2.439
COc1cccc(N)c1,1.277
CC(=O)Nc1ccc(S(=O)(=O)Nc2ccc3c(c2)OCCO3)cc1,2.217
COC(=N)c1ccccc1,1.658
COC(=O)c1ccc(N)cc1,1.055
CCOc1ccccc1N,1.667
CC(=O)c1ccc(N)cc1,1.471
OCC[C@@H]1CCCCN1,0.511
CC(=O)c1cccc(N)c1,1.471
C/C(=N\O)C(C)(C)Nc1cc(C(F)(F)F)cc(C(F)(F)F)c1,4.765
N#Cc1ccccc1N,1.14
C[C@H](N)[C@H](O)c1ccccc1,1.067
C[C@@H](N)[C@H](O)c1ccccc1,1.067
C[C@H](O)CNC[C@@H](C)O,0.662
C[C@H](O)CNC[C@H](C)O,0.662
C/C(=N\O)C(C)(C)Nc1cccc(Cl)c1,3.381
Cc1c(N)cccc1[N+](=O)[O-],1.485
Cc1ccc(N)cc1[N+](=O)[O-],1.485
COc1ccc(C)c(N)c1,1.586
Nc1ccc(Cl)cc1Cl,2.576
Nc1ccc(Cl)c(Cl)c1,2.576
Nc1ccc(F)cc1F,1.547
NCc1ccc(Cl)cc1Cl,2.452
C/C(=N\O)C(C)(C)Nc1ccccc1,2.727
Cc1cc(Cl)ccc1N,2.231
COc1ccc(C)cc1N,1.586
Cc1nc(-c2ccccc2)sc1C(=O)NC(=O)c1ccccc1O,3.394
Nc1ccccc1I,1.873
COc1cc(N)cc(OC)c1OC,1.295
CC(C)c1nc([N+](=O)[O-])c[nH]1,1.441
O=C(NC(=O)c1ccccc1O)c1ccoc1,1.555
O=C(NC(=O)c1ccccc1O)c1ccc2c(c1)CCO2,1.897
Cc1nnsc1C(=O)NC(=O)c1ccccc1O,1.122
NCC1CCNCC1,0.055
NCc1ccc2c(c1)OCO2,0.874
NCc1ccccc1Cl,1.799
COc1ccc(C(=O)NC(=O)c2ccccc2O)cc1OC,1.98
NCc1ccc(Cl)cc1,1.799
NCc1ccc(F)cc1,1.284
COc1ccc(CN)cc1,1.154
O=C(NC(=O)c1c(F)cccc1Cl)c1ccccc1O,2.755
Nc1ccccc1F,1.408
O=C(NC(=O)c1ccc(F)cc1F)c1ccccc1O,2.241
Cc1cccc(C(=O)NC(=O)c2ccccc2O)c1C,2.579
COc1ccc(N2CCNCC2)cc1,1.105
O=C(NCC1CC1)Nc1cccc(Cl)c1,2.872
Cc1ncc(NS(=O)(=O)c2ccc(N)cc2)c(C)n1,1.476
O=C(NCC1CC1)Nc1ccc(Cl)cc1,2.872
Nc1cc(Cl)cc(Cl)c1,2.576
Nc1ccc(S(=O)(=O)Nc2ccon2)cc1,1.058
O=C(NCC1CC1)Nc1cccc2ccccc12,3.371
Cc1ccc(Cl)cc1N,2.231
O=C(NCC1CC1)Nc1ccccc1,2.218
CCOc1ccc(OCC)c(N)c1,2.066
Cc1cc(N)ccc1N1C(=O)c2cccc(Cl)c2C1=O,3.031
Nc1cccc(F)c1,1.408
O=C(N[C@@H]1C[C@H]1NC(=O)OCc1ccccc1)OCc1ccccc1,2.98
Cc1c(N)cccc1Cl,2.231
Nc1ccc(F)c(Cl)c1,2.061
O=C1NC(=O)c2ccccc21,0.57
CCOc1cccc(N)c1,1.667
S=c1[nH]c2ccccc2c2ccccc12,4.051
C=CCn1c(S[C@H](C(C)=O)C(=O)OCC)nnc1-c1ccncc1,2.139
C=CCn1c(S[C@@H](C(C)=O)C(=O)OCC)nnc1-c1ccncc1,2.139
Cn1c2c(c(=O)n3ncnc13)CCCC2,0.307
CC[C@@]1(c2cccc(OC)c2)CCCCNC1=O,2.643
CC[C@]1(c2cccc(OC)c2)CCCCNC1=O,2.643
Cc1[nH]c(=S)nc2ccccc12,2.601
Cc1cccc(NC(=O)NCC2CC2)c1,2.527
O=[N+]([O-])c1ccc2sc(S)nc2c1,2.493
FC(F)(F)c1cc(S)nc2cc3c(cc12)OCO3,3.271
O=C(NCC1CC1)Nc1ccc2c(c1)CCO2,2.153
O=C(NCC1CC1)Nc1cccs1,2.28
O=C(NCC1CC1)Nc1ccc(OCc2ccccc2)cc1,3.797
O=C(CCl)N(CCO)Cc1ccccc1,1.246
O=C(CCl)N1c2ccccc2S[C@@H]2C=CC=C[C@@H]21,3.227
Cc1ccc(-c2nc(=O)c3ccccc3o2)cc1,3.163
O=C(CCl)N1c2ccccc2S[C@H]2C=CC=C[C@@H]21,3.227
O=C(CCl)N1c2ccccc2S[C@@H]2C=CC=C[C@H]21,3.227
O=C(CCl)N1c2ccccc2S[C@H]2C=CC=C[C@H]21,3.227
CC(=O)Nc1ccc(-c2nc3ccccc3c(=O)[nH]2)cc1,2.548
CC(C)C(=O)Nc1ccc(N)cc1,1.863
Oc1ccccc1-c1nc(-c2ccc3c(c2)CCO3)n[nH]1,2.779
Nc1ccccc1-c1ccccc1N,2.518
c1ccc2c(c1)ncn2Cc1ccc(Cn2cnc3ccccc32)cc1,4.483
COc1ccc(-c2nc(=O)c3ccccc3o2)cc1OC,2.872
O=S(=O)(Nc1ccccc1C(F)(F)F)c1ccc2c(c1)CCO2,3.441
OCCN1C=CNc2ccccc21,1.382
C=CCn1c(=O)n(CC=C)c2ccccc21,2.175
c1c[nH]c(-c2ncc[nH]2)n1,0.8
CCN(c1cccc2ccccc12)S(=O)(=O)c1ccccc1,4.055
O=C(/C=C(/O)c1ccccc1)c1cccnc1,2.863
Cc1nn(-c2ccccc2)c(Cl)c1C(=O)c1ccc2ccccc2c1,5.218
COc1ccc(NCc2ccc[nH]2)cc1,2.635
COc1ccc(NCc2ccccn2)cc1,2.702
CC1=C(C)C(=O)NC1,0.453
CCOC1=C(C)C(=O)NC1,0.427
CCOC(=O)c1sc(-c2ccc(-c3ccon3)s2)nc1C,4.012
CC(=O)N1CC(C)=CC1=O,0.321
COc1ccc(N(Cc2ccccn2)C(=O)c2ccc(F)cc2)cc1,4.076
Cc1ccc2cc(NC(=O)c3cc(-c4ccccc4)oc3C)ccc2n1,5.364
COC(=O)Cc1c(Cl)[nH]c(C)c1C(=O)OC,1.479
COC(=O)COc1cc(C(F)(F)F)n(C)n1,0.991
Cc1cc(Br)c(O)c2c1CCC2,2.952
O=C(/C=C/c1cc([N+](=O)[O-])ccc1Cl)Nc1ccc(Cl)cc1,4.554
Cc1oc(-c2ccccc2)cc1C(=O)NCc1ccc2c(c1)OCO2,3.914
Cc1cc(C#N)c(O)c2c1CCC2,2.061
CC(C)(C)NC(=O)/C=C/c1cc([N+](=O)[O-])ccc1Cl,3.176
Cn1nc(-c2ccccc2)cc1NC(=O)Nc1ccccc1F,3.87
O=C(/C=C/c1cc([N+](=O)[O-])ccc1Cl)Nc1ccccc1,3.9
Cc1ccccc1NC(=O)Nc1cc(-c2ccccc2)nn1C,4.04
COc1c(Br)cc(C)c2c1CCC2,3.255
O=C(/C=C/c1cc([N+](=O)[O-])ccc1Cl)Oc1ccccc1,3.867
Cc1ccc(NC(=O)Nc2cc(-c3ccccc3)nn2C)cc1Cl,4.693
CC(=O)Oc1ccc(C)c2c1CCC2,2.409
CCOC(=O)N1CCC(NS(=O)(=O)c2ccc(C)cc2)CC1,1.894
O=C(/C=C/c1cc([N+](=O)[O-])ccc1Cl)Oc1ccc(Cl)cc1,4.52
CCOC(=O)N1CCC(NS(=O)(=O)c2ccc(C#N)cc2)CC1,1.457
CCOC(=O)N1CCC(NS(=O)(=O)c2c(C)noc2C)CC1,1.191
Cn1nc(OCC(=O)SC(C)(C)C)cc1C(F)(F)F,2.876
CCOC(=O)N1CCC(NS(=O)(=O)c2ccccc2)CC1,1.586
O=c1c([N+](=O)[O-])c(Cl)c2cccc3c2n1CCC3,2.509
CCOC(=O)c1cc(C#N)c(N)c(C)c1O,1.331
CCOC(=O)N1CCC(NS(=O)(=O)c2cccs2)CC1,1.647
FC(F)(F)c1cnc(Br)c(Cl)c1,3.516
CCOC(=O)N1CCC(NC(=O)c2ccco2)CC1,1.63
Cc1cc([N+](=O)[O-])cnc1Cl,1.952
CCOC(=O)N1CCC(NC(=O)c2cccs2)CC1,2.099
CCOC(=O)N1CCC(NC(=O)c2ccc(Cl)cc2)CC1,2.691
COc1ncc(C(F)(F)F)cc1Cl,2.762
CCOC(=O)N1CCC(NC(=O)c2cc(C)on2)CC1,1.334
CCOC(=O)N1CCC(NC(=O)c2snnc2C)CC1,1.197
O=C1C(=Cc2ccccc2O)C(=O)c2ccccc21,2.855
CCOC(=O)N1CCC(NC(=O)C2CCCCC2)CC1,2.304
O=C(CCl)Nc1ncc(C(F)(F)F)cc1Cl,2.931
CCOC(=O)N1CCC(NC(=O)c2ccc(C)cc2)CC1,2.346
Cc1cncc(C(=O)O)c1,1.088
O=S(=O)(c1ccc(-n2cccn2)cc1)N1CCCc2ccccc21,3.014
O=C(O)CSCC(=O)N1CCCc2ccccc21,1.784
Cc1nc([N+](=O)[O-])cn1C,0.637
Cc1ccc(C)n1CC1CCNCC1,2.105
O=C(O)c1cc2cc(Br)ccc2cc1O,3.006
CC(=O)Oc1ccc(C(F)(F)F)cc1,2.631
CN1CCN(C(=O)c2ccc(C(=O)N3CCN(C)CC3)cc2)CC1,0.462
c1ccc(Nc2nnc(-c3cccc4ccccc34)o2)cc1,4.633
CN(CCc1ccccn1)S(=O)(=O)c1ccc2c(c1)CCO2,1.88
CCCc1ccc(C(=O)O)cc1,2.337
Cc1cc(C)oc(=O)c1,1.257
CC(C)(C)c1cc(CC(=O)O)cc(C(C)(C)C)c1O,3.614
CC(C)(C)c1cc(C(=O)CBr)cc(C(C)(C)C)c1O,4.565
CC(C)(C)c1cc(C#N)cc(C(C)(C)C)c1O,3.859
COc1cccc(CC(=O)NNC(=O)c2ccc3c(c2)OCO3)c1,1.428
COc1cccc(CC(=O)NNC(=O)c2snnc2C)c1,0.859
COc1cccc(CC(=O)NNC(=O)c2ccc3nsnc3c2)c1,1.704
COc1cccc(CC(=O)NNC(=O)c2ccc3nccnc3c2)c1,1.642
CCc1ccc(O)c(C(C)=O)c1O,1.863
CC(=O)c1c(O)cccc1OCCC(C)C,3.02
O=C(Nc1ccccc1C(F)(F)F)c1ccsc1,4.019
CCCc1ccc(OC[C@@H](C)O)c(C(C)=O)c1O,2.307
CCCc1ccc(OC[C@H](C)O)c(C(C)=O)c1O,2.307
CCCc1ccc(NC(C)=O)cc1O,2.303
O=C(NC1CCN(Cc2ccccc2)CC1)c1ccsc1,3.143
CC(=O)c1c(O)cccc1O,1.3
CC(=O)c1cc(C(C)=O)c(O)cc1O,1.503
CC(C)(C)c1ccc(NC(=O)c2ccsc2)cc1,4.298
CC(=O)c1c(O)cc(O)cc1O,1.006
COc1cc(O)c(C(C)=O)cc1[N+](=O)[O-],1.512
O=C(NCc1ccco1)c1ccsc1,2.271
CC(=O)c1c(O)cccc1OC[C@H](C)O,1.354
CC(=O)c1c(O)cccc1OC[C@@H](C)O,1.354
Cc1ccc(C(=O)Nc2nc3ccc(Cl)cc3s2)cc1,4.51
Cc1cccc2nonc12,1.531
CCCc1cc(C(C)=O)c(O)cc1O,2.253
Nc1nnc(-c2ccc3nsnc3c2)o1,1.323
C=CCc1c(O)cccc1C=O,1.933
COc1c(OCc2ccccc2)ccc(C(C)=O)c1O,3.182
O=C(O)COCC(=O)N1CCN(c2ncccn2)CC1,0.774
C=CCc1c(O)c(C(C)=O)cc(C(C)=O)c1O,2.232
CC(=O)c1cc(C(C)=O)c(O)c(C)c1O,1.811
C=CCc1c(N)c(C(C)=O)cc(C(C)=O)c1O,2.108
CC(C)(CC(=O)O)CC(=O)N1CCN(c2ncccn2)CC1,1.016
CCc1c(O)cc(OC)cc1O,1.669
CCOc1ccc(C(C)=O)c(O)c1,1.994
CC(=O)c1ccc(C)cc1O,1.903
O=C(Nc1ccccc1)N1CCN(c2ncccn2)CC1,1.831
COc1ccccc1NC(=O)N1CCN(c2ncccn2)CC1,1.839
COc1cc(O)c(C(C)=O)c(O)c1C(C)=O,1.512
C=CCc1ccc(O)c(C(C)=O)c1O,2.029
C=CCc1c(NC(C)=O)ccc(C(C)=O)c1O,2.282
Nc1cc2ccccc2cn1,1.817
Cc1cc(C)cc(NC(=O)N2CCN(c3ncccn3)CC2)c1,2.448
COc1ccc2nc(C)cc(Cl)c2c1,3.205
CC(=O)COc1ccc(C(C)=O)c(O)c1,1.563
C=CCc1c(O)ccc(C(C)=O)c1O,2.029
O=C(Nc1cccs1)N1CCN(c2ncccn2)CC1,1.892
CCCc1ccc(O)c(C(=O)CCC(=O)O)c1,2.392
COc1ccc(Cl)cc1NC(=O)N1CCN(c2ncccn2)CC1,2.493
COc1ccc([N+](=O)[O-])c(O)c1C(C)=O,1.512
O=C(NC[C@@H]1COc2ccccc2O1)C1CCCCC1,2.523
COc1ccc(NC(C)=O)c(O)c1C(C)=O,1.562
C/C=C/c1cc(C(C)=O)c(O)c(CCC)c1NC(C)=O,3.539
O=C(NC[C@H]1COc2ccccc2O1)C1CCCCC1,2.523
CCCc1c(O)c(C(C)=O)cc(C(C)=O)c1O,2.456
CC(=O)c1ccc(N)cc1O,1.177
CC(=O)Nc1ccc(C(C)=O)c(O)c1,1.553
CC(=O)c1c(O)cccc1OCc1ccccc1,3.174
O=C(NC[C@@H]1COc2ccccc2O1)c1cc(Cl)sc1Cl,3.625
CCCc1c(O)cc(OC)cc1CC(=O)O,1.98
CC(=O)c1cccc(Cl)c1O,2.248
O=C(NC[C@H]1COc2ccccc2O1)c1cc(Cl)sc1Cl,3.625
CCCc1cc(=O)c2c(OC[C@H]3CO3)ccc(OC)c2o1,2.532
CCCc1cc(=O)c2c(OC[C@@H]3CO3)ccc(OC)c2o1,2.532
CCOC(=O)c1cc(=O)c2c(O)c(C[C@H]3CO3)cc(C[C@H]3CO3)c2o1,1.558
CCOC(=O)c1cc(=O)c2c(O)c(C[C@@H]3CO3)cc(C[C@H]3CO3)c2o1,1.558
Cc1nnsc1C(=O)NC[C@@H]1COc2ccccc2O1,1.416
CCOC(=O)c1cc(=O)c2c(O)c(C[C@H]3CO3)cc(C[C@@H]3CO3)c2o1,1.558
CCOC(=O)c1cc(=O)c2c(O)c(C[C@@H]3CO3)cc(C[C@@H]3CO3)c2o1,1.558
CC(=O)Nc1ccc(O)c(C(C)=O)c1,1.553
O=S(=O)(NC[C@H]1COc2ccccc2O1)c1ccccc1,1.805
C=CCc1c(O)ccc(O)c1C(C)=O,2.029
COc1ccc(OC)c(C(C)=O)c1O,1.612
CCCc1c(O)ccc(C(C)=O)c1O,2.253
O=S(=O)(NC[C@@H]1COc2ccccc2O1)c1ccccc1,1.805
CC(=O)Nc1cc(O)c(C(C)=O)cc1C(C)=O,1.756
CC(=O)c1cc(C(C)(C)C)cc(C(C)(C)C)c1O,4.19
CC(=O)c1c(O)cc(O)c(C(C)=O)c1O,1.209
CCCc1c(NC(C)=O)ccc(C(C)=O)c1O,2.506
COCC(=O)c1ccc(O)cc1O,0.927
Cc1noc(C)c1S(=O)(=O)NC[C@H]1COc2ccccc2O1,1.41
CCCc1ccc(O)c(C(C)=O)c1O,2.253
Cc1noc(C)c1S(=O)(=O)NC[C@@H]1COc2ccccc2O1,1.41
O=S(=O)(NC[C@@H]1COc2ccccc2O1)c1cccs1,1.866
CCCc1c(O)ccc(C(C)=O)c1NCC,2.979
CCCc1c(O)c(C(C)=O)cc(C(C)=O)c1NCC,3.182
COc1ccc(O)c(C(C)=O)c1O,1.309
CCCc1c(NCC)ccc(C(C)=O)c1O,2.979
O=S(=O)(NC[C@H]1COc2ccccc2O1)c1cccs1,1.866
CCCc1c(N)c(C(C)=O)cc(C(C)=O)c1O,2.332
CCCc1c(O)ccc(C(C)=O)c1N,2.13
CC(=O)C=CC(=O)O,0.216
O=C(Nc1cccs1)N1CCN(C(=O)[C@H]2CCCO2)CC1,1.603
CC(=O)c1cc(N)ccc1O,1.177
O=C(Nc1cccs1)N1CCN(C(=O)[C@@H]2CCCO2)CC1,1.603
CC(C)(C)C(=S)NN,0.823
CCCc1c(OC[C@H]2CO2)ccc(C(C)=O)c1O,2.325
CCCc1c(OC[C@@H]2CO2)ccc(C(C)=O)c1O,2.325
COc1cccc(NC(=O)N2CCN(C(=O)[C@H]3CCCO3)CC2)c1,1.55
Nc1cc(O)cc(O)c1,0.68
COc1cccc(NC(=O)N2CCN(C(=O)[C@@H]3CCCO3)CC2)c1,1.55
O=C(O)c1cccc(Cl)c1Cl,2.692
N[n+]1cc(C(F)(F)F)cc(Cl)c1N1CCNCC1,0.77
CC(C)Cc1ccc(C(=O)[C@@H](C)Cl)cc1,3.695
CCOC(=O)N1CCC(NC(=O)CCCC(=O)O)CC1,0.978
CC(C)Cc1ccc(C(=O)[C@H](C)Cl)cc1,3.695
Fc1ccc(Cl)cc1Cl,3.133
CCOC(=O)N1CCC(NC(=O)c2cc(C)cc(C)c2)CC1,2.654
CCn1c(C)nc([N+](=O)[O-])c1I,1.724
COC(=O)c1cc(C(C)=O)ccc1O,1.381
CCOC(=O)N1CCC(NC(=O)Nc2ccc(C)c(Cl)c2)CC1,3.391
CC(C)(C)c1cc(C(C)(C)C)c(O)cc1O,3.693
N#CC(C#N)=C(C#N)C#N,0.377
COc1ccc(NS(=O)(=O)c2ccccc2)cn1,1.891
CC(C)(C)c1cc(C(=O)O)cc(C(C)(C)C)c1O,3.685
CC1(C)[C@@H]2CC[C@@]1(C)/C(=N/OC(=O)c1cccnc1Cl)C2,4.094
OC1CCC(C(F)(F)F)CC1,2.1
O=C1CCC(C(F)(F)F)CC1,2.308
C=C(Cl)CN(CC(=C)Cl)S(=O)(=O)c1ccc(C)cc1,3.491
COc1ccc(NS(=O)(=O)c2ccc(C)c(Cl)c2)cn1,2.853
N[n+]1cc(C(F)(F)F)ccc1N1CCNCC1,0.116
Clc1cc(Cl)nc(Cc2ccccc2)n1,3.374
Cc1cc(NN)nc(C)n1,0.379
COc1ccc(NS(=O)(=O)c2ccc(OC)c(OC)c2)cn1,1.908
N#CCc1cc(Cl)ccc1[N+](=O)[O-],2.314
O=Cc1ccc(I)c(O)c1,1.809
Cc1cc(CO)c(O)c(CO)c1,0.685
OC(c1ccccc1)(C(F)(F)F)C(F)(F)F,2.999
Cc1ccc(C(O)(C(F)(F)F)C(F)(F)F)cc1,3.307
O=CNc1ncc(C(F)(F)F)cc1Cl,2.322
Cc1nc(-c2ccccc2)oc1C,2.958
COc1ccc(NS(=O)(=O)c2ccc(F)cc2)cn1,2.03
CC[C@H](O)[C@H](Cl)C(=O)O,0.449
CC[C@H](O)[C@@H](Cl)C(=O)O,0.449
CC[C@@H](O)[C@@H](Cl)C(=O)O,0.449
C=CP(=O)(c1ccccc1)c1ccccc1,3.144
COC(=O)c1cccc([N+](=O)[O-])c1I,1.986
COc1ccc(NS(=O)(=O)c2ccc(Cl)s2)cn1,2.606
O=[N+]([O-])c1c(O)cc(O)cc1O,0.712
Nc1ccc(-c2ccc(N)cc2Cl)c(Cl)c1,3.825
NC(=O)c1ccccc1NCC(=O)c1ccc(F)cc1,2.219
Brc1ccc(-c2csc3cccc[n+]23)cc1,3.916
COc1ccc(NC(=O)Nc2ccc(F)cc2)cn1,2.873
CCOC(=O)[C@@H](Br)c1ccc(F)cc1,2.825
COC(=O)c1cc[n+](Cc2ccc([N+](=O)[O-])cc2)cc1,1.717
COc1ccc(N/C(O)=N/S(=O)(=O)c2ccc(C)cc2)cn1,2.113
CC(=O)Nc1c(Cl)ccc([N+](=O)[O-])c1C,2.515
N#Cc1ccccc1C(Cl)(Cl)Cl,3.385
O[C@@H]1CCCC[C@H]1O,0.282
Nc1cc(Cl)ccc1Oc1ccc(Cl)cc1,4.368
COc1ccc(NC(=O)Nc2ccc(OCc3ccccc3)cc2)cn1,4.313
Oc1c(Cl)cc(Cl)c(O)c1Cl,3.058
Clc1nc2ccccc2c(Cl)c1-c1ccccc1,5.209
N#Cc1cc[n+](Cc2ccc([N+](=O)[O-])cc2)cc1,1.802
COc1ccc(NC(=O)Nc2ccc(C)c(Cl)c2)cn1,3.696
Clc1nc2ccccc2c(Cl)c1Cl,4.195
COc1ccc(NC(=O)Nc2cc(C)cc(C)c2)cn1,3.351
C[C@@]12CC[C@@H](CC1=O)[C@@]2(C)CBr,2.777
C[C@]12CC[C@H](CC1=O)[C@@]2(C)CBr,2.777
COc1ccc(NC(=O)Nc2cccs2)cn1,2.796
C[C@@]12CC[C@@H](CC1=O)[C@]2(C)CBr,2.777
C[C@]1(CBr)[C@@H]2CC[C@@]1(C)C(=O)C2,2.777
C[C@]12CC[C@H]([C@H](Br)C1=O)[C@@]2(C)CBr,3.15
CCOc1ccccc1NC(=O)Nc1ccc(OC)nc1,3.133
CCN(CC)CCc1ccccn1,1.966
CC(=O)c1sc(C)cc1C,2.568
COc1c(Cl)nc2ccccc2c1Cl,3.55
C[N+](C)(C)/C=C/C(=O)c1ccccc1,2.089
C[N+](C)(C)/C=C/C(=O)c1ccc(Br)cc1,2.852
O=C(O)CCC(=O)N1CCCN(c2ccc(C(F)(F)F)cn2)CC1,2.004
CC[N+](/C=C/C(=O)c1ccccc1)(CC)CC,3.26
CC[N+](/C=C/C(=O)c1ccc(Br)cc1)(CC)CC,4.022
Cc1ccc(CNC(=O)Nc2ccc(F)cc2F)n1C,2.933
O=C(ON=C1CCCCCCCCCCC1)C1CCC1,4.99
C=CCN(CCO)CCO,0.541
Cc1ccc(CNC(=O)Nc2ccc(OCc3ccccc3)cc2)n1C,4.234
O=C(c1ccc(Cl)cc1)[C@H]1O[C@H]1c1ccccc1,3.663
Cc1ccc(CNC(=O)Nc2ccc(F)cc2)n1C,2.794
O=C(c1ccc(Cl)cc1)[C@H]1O[C@@H]1c1ccccc1,3.663
Cc1ccc(CNC(=O)Nc2ccc(C(C)(C)C)cc2)n1C,3.953
O=C(c1ccc(Cl)cc1)[C@@H]1O[C@H]1c1ccccc1,3.663
O=C(c1ccc(Cl)cc1)[C@@H]1O[C@@H]1c1ccccc1,3.663
Cc1ccc(CNC(=O)Nc2ccccc2)n1C,2.655
CSc1nnc(Cc2ccc(N(C)C)cc2)c(=O)n1N,0.731
NNc1nc(-c2ccccc2)c2c(N)n[nH]c2n1,0.888
Cc1noc(C)c1S(=O)(=O)NCc1ccc(C)n1C,1.417
Cc1ccc(CNS(=O)(=O)c2cccs2)n1C,1.874
O[C@H](CCl)Cn1c2ccccc2c2ccccc21,3.394
Cc1ccc(CNS(=O)(=O)c2ccccc2)n1C,1.812
Cc1ccc(CNS(=O)(=O)c2ccc(C(F)(F)F)cc2)n1C,2.831
COc1ccccc1NC(=O)NCc1ccc(C)n1C,2.664
CC(=O)c1cc(O)cc(N)c1C#N,1.049
CC(=O)c1cc(C(=O)O)c(N)cc1O,0.875
Cc1ccc(CNC(=O)Nc2ccc(OC(F)(F)F)cc2)n1C,3.554
COc1ccc(Cl)cc1NC(=O)NCc1ccc(C)n1C,3.317
CN(C)C[C@@H](O)COCc1ccco1,0.719
Cc1ccc(CNC(=O)Nc2cccc(Cl)c2)n1C,3.309
Oc1c(CN2CCCCC2)ccc2ccccc12,3.531
OC1CCC(O)CC1,0.282
Cc1c(Cl)cccc1NC(=O)NCc1ccc(C)n1C,3.617
c1ccc2c(c1)c1ccccc1n2C[C@H]1CO1,3.193
Cc1noc(C)c1S(=O)(=O)N1CCN(C(=O)[C@H]2CCCO2)CC1,0.303
O[C@H](CBr)Cn1c2ccccc2c2ccccc21,3.55
Cn1cc(C=O)c2ccccc21,1.991
Cc1noc(C)c1S(=O)(=O)N1CCN(C(=O)[C@@H]2CCCO2)CC1,0.303
O=C(Cn1c(Cl)nc2ccccc21)NCc1ccccc1,3.006
O=C(O)[C@H]1CC(=O)N(C2Cc3ccccc3C2)C1,1.087
O=C(O)[C@@H]1CC(=O)N(C2Cc3ccccc3C2)C1,1.087
O=C(Nc1ccc(Cl)cc1)[C@@H]1CC(=O)N(Cc2ccc(F)cc2)C1,3.466
CC(=O)/C=C/c1cn(Cc2ccccc2)c2ccccc12,4.292
O=C1c2ccccc2-c2cccc(O)c21,2.604
COc1ccc(NC(=O)[C@H]2CC(=O)N(Cc3ccc(F)cc3)C2)cc1,2.822
Cc1ccc2cc(O)ccc2n1,2.249
COc1ccc(NC(=O)[C@@H]2CC(=O)N(Cc3ccc(F)cc3)C2)cc1,2.822
Cc1cc(Cl)nnc1-c1ccccc1,3.105
Cc1ccc(NC(=O)[C@H]2CC(=O)N(Cc3ccc(F)cc3)C2)cc1,3.121
Clc1nnc(-c2ccccc2)c(Cl)c1Cl,4.104
O=c1cc(Cl)n(-c2ccccc2)c(=O)n1-c1ccccc1,2.642
ClC(Cl)(Cl)[C@@]12O[C@@H]3[C@H]4[C@@H]5C[C@@H]([C@@H]6[C@H]1[C@H]3[C@@H]65)[C@H]42,2.882
Cc1ccc(NC(=O)[C@@H]2CC(=O)N(Cc3ccc(F)cc3)C2)cc1,3.121
COc1ccc(-c2nnsc2N2C(=O)c3ccccc3C2=O)cc1,3.014
O=C1[C@H]2[C@@H]3C[C@H]4[C@H]([C@H](Br)C(=O)[C@@H]24)[C@@H]3[C@H]1Br,1.793
CC(=O)c1c(O)cccc1Cl,2.248
COc1ccc(-c2nnsc2NC(=O)c2ccccc2CO)cc1,2.958
O=C(c1ccc([N+](=O)[O-])cc1)C(Br)Br,2.893
CC(C)(C)CC(=O)c1cc(Cl)ccc1O,3.665
CCC(=O)c1cc(O)ccc1O,1.691
COc1ccc(C(=O)CN2C(=O)c3ccccc3C2=O)cc1,2.174
CCC(=O)c1cc(Br)ccc1O,2.747
CCC(=O)c1ccc(Cl)cc1O,2.638
CCC(=O)c1cc(Cl)cc(Cl)c1O,3.292
CCC(=O)c1ccc(O)c(Cl)c1,2.638
O=C1c2ccccc2C(=O)N1c1snnc1-c1ccc(Cl)cc1,3.659
CCC(=O)c1ccc(N)cc1O,1.567
CCC(=O)c1ccc([N+](=O)[O-])cc1O,1.893
Cc1cc(C)cc(NC(=O)NCc2ccc(C#N)cc2)c1,3.497
Cc1ccc(O)c(C(=O)Cc2ccccc2)c1,3.126
COc1ccc(O)c(C(=O)Cc2ccccc2)c1,2.826
COc1ccc2c(=O)ccoc2c1,1.802
Cc1ccc(NC(=O)NCc2ccc(C#N)cc2)cc1Cl,3.842
CC(=O)OC[C@H]1C[C@@H]2C=C[C@H]1CC2,2.152
CC(C)(C)c1ccccc1NC(=O)NCc1ccc(C#N)cc1,4.177
O=C(O)/C=C(\Br)c1ccc([N+](=O)[O-])cc1,2.415
N#Cc1ccc(CNC(=O)Nc2ccc(F)cc2)cc1,3.019
O/N=C1/CCCSC1,1.344
Cc1ccc(S(=O)(=O)NC(=O)NCc2ccc(C#N)cc2)cc1,2.055
OC1(O)CC[C@@H]2CC[C@H]1C2,0.877
OC1(O)CC[C@H]2CC[C@@H]1C2,0.877
CC(C)(C)c1ccc(NC(=O)NCc2ccc(C#N)cc2)cc1,4.177
C[C@H]1C[C@@H](OC=O)CC(C)(C)C1,2.374
N#Cc1ccc(CNC(=O)Nc2ccccc2)cc1,2.88
COc1ccc(C(=O)NCc2ccc(C#N)cc2)cc1OC,2.505
C[C@H]1C[C@H](OC=O)CC(C)(C)C1,2.374
C[C@@H]1C[C@H](OC=O)CC(C)(C)C1,2.374
N#Cc1ccc(CNC(=O)N2CCOCC2)cc1,1.1
COC(=O)[C@@H]1C[C@@H]2C=C[C@H]1C2,1.372
O[C@H]1CN2CCC1CC2,0.073
CCOC(=O)c1cn2nc(N3CCCC3)ccc2n1,1.506
O[C@@H]1CN2CCC1CC2,0.073
COC(=O)[C@H]1C[C@H]2CCC[C@@H]1C2,1.986
O=C(O)[C@H]1C[C@H]2CC[C@@H]1C2,1.507
CC(=O)O[C@H]1C[C@H]2C[C@@H]1[C@H](O)[C@@H]2O,0.32
COC(=O)[C@@H]1C[C@@H]2CC[C@H]1[C@H](O)C2,0.956
COC(=O)[C@@H]1C[C@H]2CC[C@@H]1[C@H](O)C2,0.956
CCOC(=O)c1cn2nc(Oc3cccc(F)c3)ccc2n1,2.837
CN1CC[C@@H]2C[C@@H](Br)CC[C@@H]2C1,2.502
CC(C)CC(C)(C)[C@](C)(O)c1cccc(F)c1,4.106
CC(C)CC(C)(C)[C@@](C)(O)c1cccc(F)c1,4.106
CCOC(=O)c1cn2nc(Oc3ccc(C)cc3)ccc2n1,3.007
O=C(O)c1cccc2cc[nH]c12,1.866
COC(=O)C(F)C(=O)OC,0.33
Cc1ccc(C)c(C(O)(C(F)(F)F)C(F)(F)F)c1,3.616
FC(F)(F)Sc1ccc(Br)cc1,4.061
COC(=O)/C=C/C(F)(F)F,1.278
CCOC(=O)c1cn2nc(Oc3ccc(C#N)cc3)ccc2n1,2.57
CC(=O)c1ccc([C@H]2C[C@H]2Br)cc1,3.14
OC1(CCC2(O)CC2)CC1,0.816
CCOC(=O)c1cn2nc(Oc3ccccc3)ccc2n1,2.698
CC(=C/C(=O)O)/C=C/c1ccc[n+](C)c1,1.555
CCOC(=O)c1cn2nc(Oc3ccc(NC(C)=O)cc3)ccc2n1,2.657
NN1C(=O)c2cccc3cccc(c23)C1=O,1.31
CCOC(=O)c1cn2nc(Oc3ccc(CC(C)=O)cc3)ccc2n1,2.83
NC(=O)[C@@H]1C[C@H]2C=C[C@@H]1C2,0.684
CC(C)CC(N)=O,0.518
CCOC(=O)c1cn2nc(Oc3ccc(C(=O)OC)cc3)ccc2n1,2.485
FC(F)(F)c1nc2ccccc2nc1Cl,3.302
Nc1cccc2nonc12,0.805
O=C(C[C@H](O)C(Cl)(Cl)Cl)c1ccc([N+](=O)[O-])cc1,2.899
O=C(C[C@@H](O)C(Cl)(Cl)Cl)c1ccc([N+](=O)[O-])cc1,2.899
CCOC(=O)c1cn2nc(N3CCCCC3)ccc2n1,1.896
Cc1ccc(C(=O)C[C@H](O)C(Cl)(Cl)Cl)cc1,3.299
Cc1ccc(C(=O)C[C@@H](O)C(Cl)(Cl)Cl)cc1,3.299
O=C(/C=C/C(Cl)(Cl)Cl)c1ccc(Cl)cc1,4.449
Cc1ccc(C(=O)/C=C/C(Cl)(Cl)Cl)cc1,4.104
CCOC(=O)C1=C(C)N2CCCN=C2S1,1.59
CCOC(=O)c1ncn(Cc2ccccc2)c1N,1.69
O=C(O)c1cc(F)ccc1[N+](=O)[O-],1.432
O=C(Nc1ccc(F)cc1)Nc1cccnc1,2.865
O=C(O)c1ccc(Cl)cc1F,2.177
Cn1c(=O)c2c(Cl)c([N+](=O)[O-])c(=O)n(C)c2n(C)c1=O,0.503
O=C(C[C@H](O)C(Cl)(Cl)Cl)c1ccc(Cl)cc1,3.644
O=C(C[C@@H](O)C(Cl)(Cl)Cl)c1ccc(Cl)cc1,3.644
COc1ccc(C2=NN[C@@H](C(Cl)(Cl)Cl)C2)cc1,3.131
COc1ccc(C2=NN[C@H](C(Cl)(Cl)Cl)C2)cc1,3.131
Cc1ccc(S(=O)(=O)/N=C(\O)Nc2cccnc2)cc1,2.105
O=Cc1ccc(-c2cccc(Cl)c2)o1,3.413
Cn1c(Cl)c(C(=O)c2ccccc2)c(=O)n(C)c1=O,0.968
CC(=O)[C@H]1CCC(=O)O1,0.281
CC(=O)[C@@H]1CCC(=O)O1,0.281
Cc1cc(C)cc(NC(=O)Nc2cccnc2)c1,3.342
O=C(/C=C/C(Cl)(Cl)Cl)c1ccc([N+](=O)[O-])cc1,3.704
CC(=O)N(C)c1ccc(N)cc1,1.252
CCOc1cc([N+](=O)[O-])c(OCC)cc1Cl,3.046
CC[C@@]1(c2cccc(O)c2)CCCCN(C)C1=O,2.682
CN(C)c1ccc(NC(=O)Nc2ccccc2)cc1,3.397
CC[C@]1(c2cccc(O)c2)CCCCN(C)C1=O,2.682
COc1ccc2[nH]ccc2c1,2.176
COc1ccccc1C1CCNCC1,2.162
CN(C)c1ccc(NC(=O)Nc2ccc(F)cc2)cc1,3.536
CN1C(=O)[C@](Cl)(c2ccccc2)C(=O)c2ccccc21,2.98
CN1C(=O)[C@@](Cl)(c2ccccc2)C(=O)c2ccccc21,2.98
CN(C)c1ccc(NC(=O)Nc2ccc(OC(F)(F)F)cc2)cc1,4.295
CN1C(=O)[C@](Cl)(Cc2ccccc2)C(=O)c2ccccc21,3.066
CN1C(=O)[C@@](Cl)(Cc2ccccc2)C(=O)c2ccccc21,3.066
CN(C)c1ccc(NC(=O)Nc2ccc(C(C)(C)C)cc2)cc1,4.694
CN1C(=O)[C@](Br)(Cc2ccccc2)C(=O)c2ccccc21,3.222
CN(C)c1ccc(NC(=O)Nc2cccc(Cl)c2)cc1,4.05
CN1C(=O)[C@@](Br)(Cc2ccccc2)C(=O)c2ccccc21,3.222
CN(C)c1ccc(NC(=O)Nc2ccccc2F)cc1,3.536
O=C1c2ccccc2N(c2ccccc2)C(=O)[C@@]1(Cl)c1ccccc1,4.682
Cc1ccc(S(=O)(=O)/N=C(\O)Nc2ccc(N(C)C)cc2)cc1,2.776
O=C1c2ccccc2N(c2ccccc2)C(=O)[C@]1(Cl)c1ccccc1,4.682
Cc1cc(C)cc(NC(=O)Nc2ccc(N(C)C)cc2)c1,4.013
CC(=O)N[C@@H](CO)C(=O)O,1.432
CC(=O)N[C@H](CO)C(=O)O,1.432
CN(C)c1ccc(NC(=O)Nc2cccs2)cc1,3.458
N#Cc1ccccc1N=C=O,1.526
